Text,Subfield,Job Title
"I have experience in full-stack development and work with JavaScript, Python, and various frameworks.",Computer Science,Software Engineer
I focus on building scalable software solutions and optimizing code for performance.,Computer Science,Software Engineer
"I specialize in data science, working with TensorFlow and Keras to build predictive models.",Computer Science,Machine Learning Engineer
I enjoy using statistical methods and algorithms to solve real-world problems using large datasets.,Computer Science,Machine Learning Engineer
"I have experience in writing clean, efficient code in languages like Java, Python, and C++.",Computer Science,Programmer
I love solving complex problems through programming and optimizing software.,Computer Science,Programmer
I enjoy developing backend services and APIs using Python and Django.,Computer Science,Software Engineer
Building scalable and maintainable applications is something I focus on in my software projects.,Computer Science,Software Engineer
I like implementing machine learning algorithms and fine-tuning models for better accuracy.,Computer Science,Machine Learning Engineer
Experimenting with deep learning frameworks like PyTorch excites me the most.,Computer Science,Machine Learning Engineer
Writing algorithms and solving competitive programming problems is a passion of mine.,Computer Science,Programmer
I enjoy creating small utility programs to automate daily tasks.,Computer Science,Programmer
I am experienced in analyzing business processes and implementing software solutions to enhance efficiency.,Information Systems,Business Analyst
I have worked with multiple teams to gather requirements and design systems that align with business goals.,Information Systems,Business Analyst
I lead projects that involve implementing new technologies and managing cross-functional teams.,Information Systems,IT Project Manager
I ensure projects are delivered on time and meet business objectives by managing resources and risks.,Information Systems,IT Project Manager
"I specialize in managing enterprise resource planning (ERP) systems, helping businesses optimize their operations.",Information Systems,ERP Specialist
I have experience customizing ERP systems and training teams to use them efficiently.,Information Systems,ERP Specialist
I map out business workflows and propose technology solutions to optimize operations.,Information Systems,Business Analyst
I gather requirements and work with developers to ensure system features meet business needs.,Information Systems,Business Analyst
I coordinate IT project teams and ensure projects align with client expectations and deadlines.,Information Systems,IT Project Manager
"Budgeting, scheduling, and resource allocation are key parts of my IT project management role.",Information Systems,IT Project Manager
I implement ERP modules like SAP and Oracle to enhance financial and supply chain management.,Information Systems,ERP Specialist
Customizing and integrating ERP solutions for manufacturing companies is something I enjoy.,Information Systems,ERP Specialist
"I design and develop interactive video games, working with Unity and Unreal Engine to create immersive experiences.",Entertainment and Multimedia Computing,Game Developer
"I have experience with game mechanics, AI, and performance optimization for games.",Entertainment and Multimedia Computing,Game Developer
"I create visual content, including 3D modeling, animation, and digital illustrations.",Entertainment and Multimedia Computing,Multimedia Artist
"I use tools like Blender and Adobe Creative Suite to bring visual concepts to life.",Entertainment and Multimedia Computing,Multimedia Artist
I specialize in rigging and animating 3D models for use in video games and films.,Entertainment and Multimedia Computing,Technical Animator
I use software like Maya and 3ds Max to animate characters and scenes for games and movies.,Entertainment and Multimedia Computing,Technical Animator
"I love building mobile games for Android and iOS, focusing on intuitive user interfaces.",Entertainment and Multimedia Computing,Game Developer
Creating immersive game experiences with realistic physics and environments excites me.,Entertainment and Multimedia Computing,Game Developer
"I create detailed character models, textures, and environments for games and films.",Entertainment and Multimedia Computing,Multimedia Artist
I specialize in creating concept art and promotional material for entertainment media.,Entertainment and Multimedia Computing,Multimedia Artist
I develop motion capture-based animations for realistic character movements.,Entertainment and Multimedia Computing,Technical Animator
My focus is on creating dynamic simulations for visual effects and gaming animations.,Entertainment and Multimedia Computing,Technical Animator
"I manage digital archives, ensuring that information is organized and accessible to users.",Library and Information Science,Digital Librarian
I am skilled in metadata management and digitization of physical records.,Library and Information Science,Digital Librarian
"I design the structure of information systems, ensuring that content is easily discoverable and navigable.",Library and Information Science,Information Architect
I focus on user experience and organizing information to make it intuitive for users.,Library and Information Science,Information Architect
I specialize in managing and organizing physical and digital records for compliance and efficiency.,Library and Information Science,Records Manager
I am experienced in implementing records management systems that ensure accuracy and compliance.,Library and Information Science,Records Manager
I organize digital assets and curate metadata for easier discovery and access.,Library and Information Science,Digital Librarian
I work on preserving historical documents by digitizing them into searchable formats.,Library and Information Science,Digital Librarian
I create information architecture strategies for websites and digital applications.,Library and Information Science,Information Architect
I specialize in user flow design to improve how users find information online.,Library and Information Science,Information Architect
I develop and maintain records management programs compliant with legal standards.,Library and Information Science,Records Manager
I manage retention schedules and ensure the secure disposal of sensitive records.,Library and Information Science,Records Manager
"At the Office of the Clerk, we are building the next generation of applications that support the mission of the US House of Representatives. If you enjoy being in a fast-paced environment, making a difference, with new opportunities to grow your skills, we have an opportunity for you. Our team is mission driven and obsessive about ensuring the Clerk and the House has the technology it needs to meet its goals.",Computer Science,Software Engineer
"This is a public notice flyer to notify interested applicants of anticipated vacancies. Applications will not be accepted through this flyer. Interested applicants must follow the directions in the ""How to Apply"" section of this flyer to be considered. There may or may not be actual vacancies filled from this flyer. Notice of Result letters will not be sent to applicants who respond to this flyer.",Computer Science,Software Engineer
"This is a public notice flyer to notify interested applicants of anticipated vacancies. Applications will not be accepted through this flyer. Interested applicants must follow the directions in the ""How to Apply"" section of this flyer to be considered. There may or may not be actual vacancies filled from this flyer. Notice of Result letters will not be sent to applicants who respond to this flyer.",Computer Science,Software Engineer
"This is a public notice flyer to notify interested applicants of anticipated vacancies. Applications will not be accepted through this flyer. Interested applicants must follow the directions in the ""How to Apply"" section of this flyer to be considered. There may or may not be actual vacancies filled from this flyer. Notice of Result letters will not be sent to applicants who respond to this flyer.",Computer Science,Machine Learning Engineer
"This position is located in the Community Recreation Division of the Morale, Welfare, and Recreation (MWR) Department located within Commander, Navy Installations Command (CNIC). Manages and administers a comprehensive and diverse year-round recreation program and various recreation facilities. The incumbent plans, promotes and implements a variety of MWR or Community Recreation programs and activities.",Computer Science,Programmer
"Marine Corps Community Services (MCCS) is looking for the best and brightest to join our Team! MCCS is a comprehensive program that supports and enhances the quality of life for Marines, their families, and others in the Marine Corps Community. We offer a team oriented environment comprised of military personnel, civilian employees, contractors and volunteers who keep the organization functioning smoothly and effectively.",Computer Science,Programmer
"This position is an entry-level Airway Transportation Systems Specialist (ATSS). All duties of an ATSS are tied to maintaining safe and efficient operating capacity of the vast and complex network or electronics systems required for the world's largest air traffic control and navigation system. ATSS personnel install, evaluate, maintain, modify and certify facilities, services and equipment that support the National Airspace System (NAS).",Computer Science,Programmer
"This National Guard position is for a IT SPECIALIST (CUSTOMER SUPPORT) - Title 32, Position Description Number D2526P01 and is part of the WI JFHQ J6, Wisconsin National Guard.",IT,IT Support Specialist
"These IT Specialist positions are located at multiple IHS healthcare facilities at various locations in Arizona and Nevada. This announcement covers the following specialties: Applications Software/Data Management, Customer Support, ISSO/Policy Planning, Network, and Systems Administrator. The IT Specialist position duties and responsibilities are based on the department and specialty assigned. This position reports to the department supervisor on-site.",IT,IT Support Specialist
"This National Guard position is for a IT SPECIALIST (CUSTSPT) - Title 32, Position Description Number D2526P02 and is part of the WI JFHQ J6, Wisconsin National Guard. *This vacancy is also advertised as Job Number 25-218B (Temp Promo) ****A Recruitment Incentive of up to $18,321.50 may be authorized for this advertisement**** (Note: This incentive is only applicable to employees entering the Federal Technician program)",IT,IT Support Specialist
"These IT Specialist positions are located at multiple IHS healthcare facilities at various locations in Arizona and Nevada. This announcement covers the following specialties: Applications Software/Data Management, Customer Support, ISSO/Policy Planning, Network, and Systems Administrator. The IT Specialist position duties and responsibilities are based on the department and specialty assigned. This position reports to the department supervisor on-site.",IT,Network Administrator
"Opened Area(s) of Consideration: 1, 2, 3 DEFINITION OF AREA(S) OF CONSIDERATION: Area 1 - AKNG Permanent or Indefinite technicians. Area 2 - All AKNG members. Area 3 - All other current military members who are eligible to join the Alaska Air National Guard. PDCN: D2180P01 / D2181P01 MPCN: 889707 Selecting Supervisor: James Meyer",IT,Network Administrator
"This is a Washington Air National Guard Title 32 Excepted Service Unit Technician position: IT SPEC (SYSADMIN) Location: 256th Intelligence Squadron Fairchild AFB, Washington 99011-9413 Air National Guard Units Appointment Type: Permanent, excepted service Advertised as: ENLISTED Announcement may be used to fill one or more vacancies. Your resume must contain your own words. Resumes that are verbatim, from this announcement, will not be considered.",IT,Network Administrator
"THIS IS A NATIONAL GUARD TITLE 5 EXCEPTED SERVICE POSITION. This National Guard position is for a SUPPLY SYSTEMS ANALYST (TITLE 5), Position Description Number NGT5268000 and is part of the TN ARMY National Guard. This vacancy is covered by Association of Civilian Technicians (ACT), Chapter 103 (Volunteer Chapter).",IT,Systems Analyst
"This National Guard position is for a Supervisory Supply Systems Analyst (15K Hiring Bonus) - T32, Position Description Number D0897000 and is part of the WI USPFO, Wisconsin Army National Guard. ******A Recruitment Incentive of $15,277 may be authorized for this advertisement****** (Note: This incentive is only applicable to employees entering the Federal Technician program)",IT,Systems Analyst
"This is a public notice flyer to notify interested applicants of anticipated vacancies. Applications will not be accepted through this flyer. Interested applicants must follow the directions in the ""How to Apply"" section of this flyer to be considered. There may or may not be actual vacancies filled from this flyer. Notice of Result letters will not be sent to applicants who respond to this flyer.",IT,Systems Analyst
"This position is located under the Clinical Engineering service of the Pittsburgh VA Healthcare System. The Biomedical Equipment Support Specialist (BESS) (Biomedical Information Systems) provides clinical and administrative support to staff, patients, and administrators for all matters of concern relating to the facility wide lifecycle management of networks, networked medical equipment and associated systems.",IT,Cybersecurity Expert
This position advertised has been exempted from the federal civilian hiring freeze. Ready to join one of the world's top digital forensics teams under the nation's leading law enforcement agency? The FBI Digital Forensics & Analytics Section seeks an Information Systems Security Officer subject matter expert to support IT systems used by our highly technical experts throughout the country and provide solutions that directly support our forensic procedures and accreditation requirements.,IT,Cybersecurity Expert
"Securing Travel, Protecting People - At the Transportation Security Administration, you will serve in a high-stakes environment to safeguard the American way of life. In cities across the country, you would secure airports, seaports, railroads, highways, and/or public transit systems, thus protecting America's transportation infrastructure and ensuring freedom of movement for people and commerce.",IT,Cybersecurity Expert
"The FRTIB is looking for a highly qualified and motivated individual to serve as a Business and Financial Analyst. This Job Opportunity Announcement (JOA) may be used to fill other Business and Financial Analyst, GS-0501-13 positions within the FRTIB in the same geographical location with the same qualifications and specialized experience.",Information Systems,Business Analyst
"The Federal Retirement Thrift Investment Board (FRTIB) is looking for a highly qualified and motivated individual to serve as a Business and Financial Analyst. This Job Opportunity Announcement (JOA) may be used to fill other Business and Financial Analyst, GS-0501-13 positions within the FRTIB in the same geographical location with the same qualifications and specialized experience.",Information Systems,Business Analyst
"Marine Corps Community Services (MCCS) is looking for the best and brightest to join our Team! MCCS is a comprehensive program that supports and enhances the quality of life for Marines, their families, and others in the Marine Corps Community. We offer a team oriented environment comprised of military personnel, civilian employees, contractors and volunteers who keep the organization functioning smoothly and effectively.",Information Systems,Business Analyst
"This position is in the Professional Work Category at the Senior Work Level within the CES Occupational Structure. This position is for DISA White House Communications Agency at Joint Base Anacostia-Bolling, District of Columbia. This is an Excepted Service position and does not confer eligibility to be converted to the Competitive Service. If you are a current Federal Career/Career-Conditional employee, you will be placed on an Excepted appointment under 10 U.S.C. 1599f.",Information Systems,IT Project Manager
You will serve as a Supervisory Information Technology Program Manager in the Navy Munitions Command Pacific East Asia Division of NMCPAC EAST ASIA DIVISION.,Information Systems,IT Project Manager
"This position is in the Infrastructure Strategy and Finance Office, Enterprise Infrastructure, Bureau of Diplomatic Technology (DT/EI/ISF), in the U.S. Department of State (DOS). The incumbent serves as a senior level program manager and analyst and is an expert advisor to the ISF Office Director.",Information Systems,IT Project Manager
You will be evaluated for this position based on how well you meet the qualifications below. Your resume/application must demonstrate the required experience/education. Please see additional information on how your application is evaluated.,Information Systems,ERP Specialist
"Click on ""Learn more about this agency"" button below for IMPORTANT additional information. The primary purpose of this position is: This is a formal Air Force intern position, established under the PALACE Acquire (PAQ) program which is under the Pathways Recent Graduate Program. This position is centrally managed and funded by the Air Force Personnel Center, Civilian Career Management Directorate and administered by the Civil Engineer Career Team.",Library and Information Science,Information Architect
"About the Position: Serves as a Senior Technical Lead within the Military Design Branch, providing technical and administrative management to both in-house and Architect-Engineer (A-E) contractor-designed projects for construction, maintenance, alteration, and repair, and for special projects or studies. NOTE: Recruitment incentives, including student loan repayment, may be offered to highly qualified candidates (who meet the incentive eligibility requirements).",Library and Information Science,Information Architect
"About the Location: Sacramentoans enjoy professional ballet, theater, outstanding museums, one of the best small zoos in the country, and the NBA's Sacramento Kings. Home to the world's second largest urban forest (behind Paris), Sacramento sits just two hours between both San Francisco and Lake Tahoe, at the base of the Sierra Nevada mountains.",Library and Information Science,Information Architect
"Navy Child, Youth Program (CYP) Assistants work directly with children and youth, keeping them actively engaged, well-cared for, and safe while participating in the CYP. Duties include helping children develop social skills such as making friends and conflict resolution, healthy choices like nutritional snacks or appropriate recreational activities; build self-help and school readiness skills; and explore. Learn more about us at: https://www.navycyp.org .",Library and Information Science,Records Manager
"Organizational Location: This position is with the Department of Homeland Security, within U.S. Customs and Border Protection, U.S. Border Patrol Headquarters, Mission Support Directorate, Logistics, located in El Paso, TX. Additional selections may be made to include other organizational divisions and/or units within the duty location(s) listed above.",Library and Information Science,Records Manager
"This National Guard position is for a SUPPLY TECHNICIAN, Position Description Number D0849000 and is assigned to UTES #1, Training Center, Hastings, Nebraska, Nebraska Army National Guard.",Library and Information Science,Records Manager
"<p><strong>Role:</strong> Senior Fullstack Software Engineer</p><p><strong>Remote: </strong>anywhere in the world</p><p><strong>Blotato</strong> helps content creators go viral: <a href=""https://www.blotato.com"">https://www.blotato.com</a></p><p><strong>Preferences:</strong> vim, emacs, fullstack, no hypechase js, ai</p><p><strong>Tech stack:</strong> nextjs, fastify, typescript, supabase, heroku, aws</p><p>This is a fulltime, permanent position, no contractors/consultants.</p><p><strong>Interested?</strong> apply with your resume and explain your favorite AI coding tool.</p><br/><br/>Please mention the word **SPLENDIDLY** and tag RMzQuMjAxLjMwLjUy when applying to show you read the job post completely (#RMzQuMjAxLjMwLjUy). This is a beta feature to avoid spam applicants. Companies can search these words to find applicants that read this and see they're human.",Computer Science,Software Engineer
"San Francisco, United States - Smallstep is an internationally distributed, remote-first company. We work reasonable, flexible hours and utilize technology to accomplish goals asynchronously. We look for folks who are thoughtful, can break down problems, and often work independently. You are trusted ...<br/><br/>Please mention the word **REVOLUTIONIZED** and tag RMzQuMjAxLjMwLjUy when applying to show you read the job post completely (#RMzQuMjAxLjMwLjUy). This is a beta feature to avoid spam applicants. Companies can search these words to find applicants that read this and see they're human.",Computer Science,Software Engineer
"San Francisco, United States - Smallstep is an internationally distributed, remote-first company. We work reasonable, flexible hours and utilize technology to accomplish goals asynchronously. We look for folks who are thoughtful, can break down problems, and often work independently. You are trusted ...<br/><br/>Please mention the word **CALMNESS** and tag RMzQuMjAxLjMwLjUy when applying to show you read the job post completely (#RMzQuMjAxLjMwLjUy). This is a beta feature to avoid spam applicants. Companies can search these words to find applicants that read this and see they're human.",Computer Science,Software Engineer
"Remote - Role overviewWeâre looking for a Senior Software Engineer to join our Hosted team - the group responsible for enabling enterprise customers to run our platform inside their own infrastructure, often in regulated or air-gapped environments.This role is hands-on an...<br/><br/>Please mention the word **FAV** and tag RMzQuMjAxLjMwLjUy when applying to show you read the job post completely (#RMzQuMjAxLjMwLjUy). This is a beta feature to avoid spam applicants. Companies can search these words to find applicants that read this and see they're human.",Computer Science,Software Engineer
"Remote - Smallstep is an internationally distributed, remote-first company. We work reasonable, flexible hours and utilize technology to accomplish goals asynchronously. We look for folks who are thoughtful, can break down problems, and often work independently. You are trusted ...<br/><br/>Please mention the word **RECOVER** and tag RMzQuMjAxLjMwLjUy when applying to show you read the job post completely (#RMzQuMjAxLjMwLjUy). This is a beta feature to avoid spam applicants. Companies can search these words to find applicants that read this and see they're human.",Computer Science,Software Engineer
"Develop and maintain engaging gameplay features for various platforms using Unity and C# programming. Collaborate with artists and designers to ensure the best player experience.",Entertainment and Multimedia Computing,Game Developer
"Design and create 2D/3D animations for interactive media such as games and VR experiences. Collaborate closely with the art team to bring concepts to life.",Entertainment and Multimedia Computing,Multimedia Artist
"Create and implement technical animations for character movement and interactions, ensuring smooth transitions and realistic behavior in various gaming environments.",Entertainment and Multimedia Computing,Technical Animator
"Work as part of a cross-functional team to design, animate, and implement UI elements for mobile and desktop applications, focusing on usability and user experience.",Entertainment and Multimedia Computing,Multimedia Artist
"Develop interactive, immersive experiences for VR/AR games using cutting-edge technology. Ensure the performance and optimization of all media for various platforms.",Entertainment and Multimedia Computing,Game Developer
"Build and animate realistic 3D models for game environments, characters, and objects using Maya and Blender. Ensure seamless integration into the game engine.",Entertainment and Multimedia Computing,Multimedia Artist
"Create and implement in-game cinematic animations for cut-scenes and story sequences, ensuring high-quality visual storytelling in a video game.",Entertainment and Multimedia Computing,Technical Animator
"Work with motion capture data and refine animations for lifelike character movement, ensuring a fluid and responsive experience for players.",Entertainment and Multimedia Computing,Technical Animator
"Create assets for interactive digital media such as mobile apps, games, and websites. Utilize a variety of tools to create high-quality visual content for different platforms.",Entertainment and Multimedia Computing,Multimedia Artist
"Develop interactive storytelling mechanics for games, creating engaging narratives and gameplay experiences that keep players immersed in the world.",Entertainment and Multimedia Computing,Game Developer
I develop microservices architecture using Node.js and Docker for scalable web applications.,Computer Science,Software Engineer
"I specialize in frontend development with React and Angular, creating responsive user interfaces.",Computer Science,Software Engineer
"I work on cloud-based solutions using AWS and Azure, implementing CI/CD pipelines for continuous deployment.",Computer Science,Software Engineer
I focus on mobile app development using Flutter and React Native for cross-platform compatibility.,Computer Science,Software Engineer
I implement RESTful APIs and GraphQL endpoints to support modern web applications.,Computer Science,Software Engineer
I build computer vision systems using OpenCV and deep learning for object detection and recognition.,Computer Science,Machine Learning Engineer
I develop natural language processing models for sentiment analysis and text classification.,Computer Science,Machine Learning Engineer
I create recommendation engines using collaborative filtering and content-based approaches.,Computer Science,Machine Learning Engineer
I work on reinforcement learning algorithms for autonomous decision-making systems.,Computer Science,Machine Learning Engineer
I implement time series forecasting models for financial and weather prediction applications.,Computer Science,Machine Learning Engineer
I develop embedded systems using C and Assembly for IoT devices and microcontrollers.,Computer Science,Programmer
I specialize in algorithm optimization and data structures to improve software performance.,Computer Science,Programmer
I create database queries and stored procedures using SQL for efficient data retrieval.,Computer Science,Programmer
I work on functional programming using languages like Haskell and Scala for reliable systems.,Computer Science,Programmer
I develop automation scripts and tools using Python to streamline development workflows.,Computer Science,Programmer
I develop distributed systems that can handle millions of concurrent users with high availability.,Computer Science,Software Engineer
I implement test-driven development practices and maintain high test coverage in our codebase.,Computer Science,Software Engineer
"I specialize in refactoring legacy codebases into modern, maintainable architecture.",Computer Science,Software Engineer
I work on real-time processing systems using technologies like Kafka and RabbitMQ.,Computer Science,Software Engineer
I develop secure authentication and authorization systems following OWASP security best practices.,Computer Science,Software Engineer
I provide desktop support and troubleshoot hardware issues across multiple office locations.,IT,IT Support Specialist
I manage user accounts and access permissions across corporate systems and applications.,IT,IT Support Specialist
"I set up and configure workstations, printers, and peripherals for new employees.",IT,IT Support Specialist
I create and maintain IT documentation including user guides and standard operating procedures.,IT,IT Support Specialist
I handle software licensing and ensure all company systems are properly licensed and updated.,IT,IT Support Specialist
"I manage cloud infrastructure on AWS, setting up virtual networks and security groups.",IT,Network Administrator
I configure and maintain network monitoring tools to ensure optimal performance and uptime.,IT,Network Administrator
I implement and manage active directory services and group policies for network security.,IT,Network Administrator
I design and implement disaster recovery solutions including backup systems and failover protocols.,IT,Network Administrator
I optimize network traffic using load balancers and traffic shaping technologies.,IT,Network Administrator
I conduct feasibility studies for new IT systems and provide recommendations based on business needs.,IT,Systems Analyst
I develop system documentation and specifications for developers to implement.,IT,Systems Analyst
I perform quality assurance testing to ensure systems meet technical and business requirements.,IT,Systems Analyst
I analyze system logs and performance metrics to identify bottlenecks and areas for improvement.,IT,Systems Analyst
I facilitate workshops to gather requirements and validate system designs with stakeholders.,IT,Systems Analyst
I conduct security assessments and audits to ensure compliance with industry standards and regulations.,IT,Cybersecurity Expert
I implement intrusion detection and prevention systems to protect against network threats.,IT,Cybersecurity Expert
I develop and enforce security policies and procedures for the organization.,IT,Cybersecurity Expert
I perform incident response and forensic analysis for security breaches and suspicious activities.,IT,Cybersecurity Expert
I conduct security awareness training for employees to minimize human-related security risks.,IT,Cybersecurity Expert
I conduct gap analysis between current and desired business processes to identify improvement opportunities.,Information Systems,Business Analyst
I create detailed business requirements documents and user stories for development teams.,Information Systems,Business Analyst
I facilitate JAD (Joint Application Development) sessions to align stakeholder expectations.,Information Systems,Business Analyst
I develop use cases and process flow diagrams to document system functionality.,Information Systems,Business Analyst
I perform cost-benefit analysis for proposed system changes and enhancements.,Information Systems,Business Analyst
"I manage Agile development teams, facilitating daily standups and sprint planning meetings.",Information Systems,IT Project Manager
I create and maintain project documentation including project charters and status reports.,Information Systems,IT Project Manager
I identify and mitigate project risks through proactive planning and stakeholder management.,Information Systems,IT Project Manager
I manage vendor relationships and ensure contracted deliverables meet quality standards.,Information Systems,IT Project Manager
I implement project management methodologies like PRINCE2 and PMI frameworks.,Information Systems,IT Project Manager
"I configure and customize SAP modules for finance, HR, and supply chain management.",Information Systems,ERP Specialist
I perform data migration and integration between legacy systems and new ERP implementations.,Information Systems,ERP Specialist
I troubleshoot ERP system issues and develop solutions to minimize business disruption.,Information Systems,ERP Specialist
I conduct user acceptance testing for ERP modules before deployment to production.,Information Systems,ERP Specialist
I develop custom reports and dashboards using ERP reporting tools like SAP BusinessObjects.,Information Systems,ERP Specialist
I create data models and entity relationship diagrams to represent business information structures.,Information Systems,Business Analyst
I perform business process reengineering to optimize workflows and eliminate inefficiencies.,Information Systems,Business Analyst
I develop KPIs and metrics to measure the success of implemented business solutions.,Information Systems,Business Analyst
I conduct competitive analysis to identify market trends and opportunities for technology implementation.,Information Systems,Business Analyst
I validate system designs against business requirements to ensure alignment with objectives.,Information Systems,Business Analyst
I implement physics engines and collision detection systems for realistic game mechanics.,Entertainment and Multimedia Computing,Game Developer
I develop procedural content generation algorithms for dynamic game worlds and levels.,Entertainment and Multimedia Computing,Game Developer
I optimize game performance across different hardware configurations and platforms.,Entertainment and Multimedia Computing,Game Developer
I implement multiplayer networking code for real-time online gameplay.,Entertainment and Multimedia Computing,Game Developer
I develop AI systems for non-player characters with realistic behaviors and pathfinding.,Entertainment and Multimedia Computing,Game Developer
I create photorealistic textures and materials using PBR (Physically Based Rendering) techniques.,Entertainment and Multimedia Computing,Multimedia Artist
"I develop particle effects and visual simulations for explosions, fire, and weather effects.",Entertainment and Multimedia Computing,Multimedia Artist
I design user interfaces and interactive elements for games and multimedia applications.,Entertainment and Multimedia Computing,Multimedia Artist
I create cinematic sequences and cutscenes for storytelling in video games.,Entertainment and Multimedia Computing,Multimedia Artist
I develop concept art and storyboards to visualize game environments and characters.,Entertainment and Multimedia Computing,Multimedia Artist
I create skeletal rigs for character animation with inverse kinematics and constraints.,Entertainment and Multimedia Computing,Technical Animator
I develop facial animation systems for realistic expressions and lip-syncing.,Entertainment and Multimedia Computing,Technical Animator
I implement procedural animation systems for dynamic movement and interactions.,Entertainment and Multimedia Computing,Technical Animator
I optimize animation systems for real-time performance in game engines.,Entertainment and Multimedia Computing,Technical Animator
I create animation state machines and blend trees for smooth character transitions.,Entertainment and Multimedia Computing,Technical Animator
I develop virtual reality experiences with immersive interactions and gameplay.,Entertainment and Multimedia Computing,Game Developer
I implement shaders and rendering techniques for realistic lighting and visual effects.,Entertainment and Multimedia Computing,Game Developer
I create tools and pipelines to streamline game development workflows.,Entertainment and Multimedia Computing,Game Developer
I develop mobile games with touch controls and device-specific optimizations.,Entertainment and Multimedia Computing,Game Developer
I implement save systems and game progression mechanics for player retention.,Entertainment and Multimedia Computing,Game Developer
I develop and maintain digital repositories for academic research and publications.,Library and Information Science,Digital Librarian
I implement metadata standards like Dublin Core and MODS for digital collections.,Library and Information Science,Digital Librarian
I design and conduct user studies to improve digital library interfaces and accessibility.,Library and Information Science,Digital Librarian
I manage digital preservation strategies to ensure long-term access to electronic materials.,Library and Information Science,Digital Librarian
I develop collection development policies for digital resources and databases.,Library and Information Science,Digital Librarian
I conduct card sorting exercises to determine optimal information categorization schemes.,Library and Information Science,Information Architect
I develop taxonomies and controlled vocabularies for content management systems.,Library and Information Science,Information Architect
I create wireframes and prototypes to test information navigation patterns.,Library and Information Science,Information Architect
I perform content audits and inventories to organize existing information resources.,Library and Information Science,Information Architect
I implement search functionality and faceted navigation for information discovery.,Library and Information Science,Information Architect
I develop classification schemes and filing systems for organizational records.,Library and Information Science,Records Manager
I implement electronic document management systems for efficient records retrieval.,Library and Information Science,Records Manager
I conduct records audits to ensure compliance with regulatory requirements.,Library and Information Science,Records Manager
I develop disaster recovery plans for vital records and information assets.,Library and Information Science,Records Manager
I train staff on records management procedures and documentation practices.,Library and Information Science,Records Manager
I implement search optimization techniques to improve resource discovery in digital collections.,Library and Information Science,Digital Librarian
I develop data curation workflows for managing research datasets and associated metadata.,Library and Information Science,Digital Librarian
I create digital exhibits and online showcases for special collections and archives.,Library and Information Science,Digital Librarian
I implement linked data and semantic web technologies for connecting digital resources.,Library and Information Science,Digital Librarian
"I conduct digitization projects, converting physical materials to accessible digital formats.",Library and Information Science,Digital Librarian
I enjoy optimizing database queries and improving application performance through efficient code design.,Computer Science,Software Engineer
I built a distributed microservices architecture that reduced system latency by 40% while handling twice the user load.,Computer Science,Software Engineer
I love solving complex scalability issues in high-traffic web applications by implementing caching strategies and load balancing.,Computer Science,Software Engineer
I'm proud of implementing a CI/CD pipeline that reduced deployment time from days to minutes and virtually eliminated deployment-related bugs.,Computer Science,Software Engineer
"I'm passionate about refactoring legacy code into clean, maintainable modules with comprehensive test coverage.",Computer Science,Software Engineer
I enjoy fine-tuning deep learning models to achieve higher accuracy while maintaining computational efficiency.,Computer Science,Machine Learning Engineer
I developed a recommendation system that increased customer engagement by 25% through personalized content suggestions.,Computer Science,Machine Learning Engineer
I like to solve classification problems with imbalanced datasets by implementing advanced sampling techniques and ensemble methods.,Computer Science,Machine Learning Engineer
I'm proud of building a computer vision system that helps visually impaired users navigate indoor environments with audio feedback.,Computer Science,Machine Learning Engineer
My favorite technical challenge is optimizing machine learning pipelines for production environments with limited computational resources.,Computer Science,Machine Learning Engineer
I enjoy implementing elegant algorithms that solve complex computational problems efficiently.,Computer Science,Programmer
I developed a memory-efficient data structure that reduced our application's RAM usage by 30% while maintaining processing speed.,Computer Science,Programmer
I like solving optimization problems where every CPU cycle and byte of memory matters.,Computer Science,Programmer
I'm proud of creating a custom compression algorithm that reduced our data storage costs by 45% compared to standard compression methods.,Computer Science,Programmer
"I'm passionate about writing clean, self-documenting code that others can easily understand and maintain.",Computer Science,Programmer
I enjoy building intuitive APIs that make complex functionality accessible to other developers.,Computer Science,Software Engineer
I led the development of a cross-platform mobile application that is now used by over 2 million users worldwide.,Computer Science,Software Engineer
I like solving integration challenges between disparate systems with different data models and communication protocols.,Computer Science,Software Engineer
I'm proud of implementing a real-time data processing system that handles millions of events per second with sub-second latency.,Computer Science,Software Engineer
I'm passionate about implementing security best practices throughout the development lifecycle to prevent vulnerabilities.,Computer Science,Software Engineer
I enjoy troubleshooting complex technical issues by systematically identifying root causes rather than just treating symptoms.,IT,IT Support Specialist
I implemented an automated ticketing system that reduced response time by 60% and improved user satisfaction scores.,IT,IT Support Specialist
I like solving problems that involve multiple interconnected systems where the issue might not be immediately obvious.,IT,IT Support Specialist
I'm proud of creating a knowledge base that reduced recurring support tickets by 40% by enabling users to solve common issues themselves.,IT,IT Support Specialist
"I enjoy creating clear, step-by-step documentation that helps users become more self-sufficient with technology.",IT,IT Support Specialist
I enjoy optimizing network performance through careful analysis of traffic patterns and bandwidth utilization.,IT,Network Administrator
I designed and implemented a zero-trust network architecture that significantly improved our security posture while maintaining user productivity.,IT,Network Administrator
I like solving complex network reliability issues by identifying single points of failure and implementing redundant systems.,IT,Network Administrator
I'm proud of migrating our entire network infrastructure to a software-defined networking approach without any service disruption.,IT,Network Administrator
I'm passionate about designing network monitoring systems that proactively alert us to potential issues before they affect users.,IT,Network Administrator
I enjoy mapping complex business processes and identifying opportunities for technology-driven improvements.,IT,Systems Analyst
"I led a system integration project that unified three separate departmental databases, eliminating data silos and improving cross-functional reporting.",IT,Systems Analyst
I like solving process inefficiency problems by finding the right balance between technology automation and human workflow changes.,IT,Systems Analyst
I'm proud of implementing a new inventory management system that reduced stockouts by 35% while decreasing excess inventory costs by 20%.,IT,Systems Analyst
I enjoy conducting stakeholder interviews and requirements gathering sessions to understand the true needs behind feature requests.,IT,Systems Analyst
I enjoy performing penetration testing to identify security vulnerabilities before they can be exploited by malicious actors.,IT,Cybersecurity Expert
I implemented a comprehensive security awareness program that reduced successful phishing attempts within our organization by 75%.,IT,Cybersecurity Expert
I like solving complex security incidents by following digital forensics procedures to determine the attack vector and extent of compromise.,IT,Cybersecurity Expert
I'm proud of designing a zero-trust security architecture that protected our remote workforce during the sudden shift to work-from-home.,IT,Cybersecurity Expert
I'm passionate about threat hunting and identifying potentially malicious activity that evades automated detection systems.,IT,Cybersecurity Expert
I enjoy translating business requirements into technical specifications that development teams can implement.,Information Systems,Business Analyst
I led a requirements gathering process for an enterprise CRM implementation that resulted in 95% user acceptance upon rollout.,Information Systems,Business Analyst
I like solving communication gaps between technical and non-technical stakeholders by creating clear visual models of complex processes.,Information Systems,Business Analyst
I'm proud of creating a standardized business requirements document template that improved requirement clarity and reduced development rework by 40%.,Information Systems,Business Analyst
I enjoy conducting cost-benefit analyses to help organizations prioritize their technology investments based on expected ROI.,Information Systems,Business Analyst
"I enjoy creating detailed project plans that balance scope, time, and resource constraints to deliver maximum business value.",Information Systems,IT Project Manager
I successfully led a high-risk legacy system replacement project that finished on time and under budget despite significant complexity.,Information Systems,IT Project Manager
I like solving resource allocation problems by identifying the right mix of skills and experience needed for each project phase.,Information Systems,IT Project Manager
I'm proud of implementing an agile project management approach that improved delivery predictability and reduced time-to-market by 30%.,Information Systems,IT Project Manager
I'm passionate about stakeholder management and keeping everyone aligned around project goals despite competing priorities.,Information Systems,IT Project Manager
I enjoy configuring ERP modules to match specific business processes while maintaining system integrity.,Information Systems,ERP Specialist
"I led a successful SAP implementation for a manufacturing company that integrated production, inventory, and finance processes into a single system.",Information Systems,ERP Specialist
I like solving business process integration challenges by finding the right balance between adapting processes and customizing the ERP system.,Information Systems,ERP Specialist
I'm proud of designing a custom reporting solution that provided executives with real-time business intelligence across multiple ERP modules.,Information Systems,ERP Specialist
I enjoy optimizing ERP performance through careful database tuning and code optimization techniques.,Information Systems,ERP Specialist
I enjoy creating data visualizations that make complex information accessible to decision-makers.,Information Systems,Business Analyst
I developed a comprehensive business process model that helped identify inefficiencies resulting in annual savings of over $2 million.,Information Systems,Business Analyst
I like solving problems that require balancing multiple stakeholder needs while staying within technical constraints.,Information Systems,Business Analyst
I'm proud of facilitating a series of workshops that bridged departmental silos and created a unified vision for our digital transformation initiative.,Information Systems,Business Analyst
I'm passionate about process mapping and identifying non-value-added steps that can be eliminated or automated.,Information Systems,Business Analyst
I enjoy optimizing game performance to run smoothly across a range of hardware specifications.,Entertainment and Multimedia Computing,Game Developer
"I developed a procedural terrain generation system that creates vast, unique game worlds with minimal memory usage.",Entertainment and Multimedia Computing,Game Developer
I like solving physics simulation problems that make game interactions feel natural and intuitive.,Entertainment and Multimedia Computing,Game Developer
I'm proud of creating an adaptive difficulty system that adjusts gameplay challenges based on individual player skill levels.,Entertainment and Multimedia Computing,Game Developer
I'm passionate about implementing engaging gameplay mechanics that provide players with meaningful choices and consequences.,Entertainment and Multimedia Computing,Game Developer
I enjoy creating character models that balance visual appeal with technical constraints like polygon count and bone limits.,Entertainment and Multimedia Computing,Multimedia Artist
I designed an art pipeline that allowed our small team to create visually consistent assets for a large open-world game.,Entertainment and Multimedia Computing,Multimedia Artist
I like solving visual storytelling problems where complex narratives need to be communicated through environmental design.,Entertainment and Multimedia Computing,Multimedia Artist
I'm proud of creating a distinctive visual style for an indie game that has since been recognized for its unique aesthetic approach.,Entertainment and Multimedia Computing,Multimedia Artist
I'm passionate about texturing and material creation that brings 3D models to life with realistic or stylized details.,Entertainment and Multimedia Computing,Multimedia Artist
I enjoy creating character rigs that give animators intuitive controls while maintaining realistic deformations.,Entertainment and Multimedia Computing,Technical Animator
I developed a procedural animation system for crowd scenes that created unique movements for hundreds of characters simultaneously.,Entertainment and Multimedia Computing,Technical Animator
I like solving animation blending problems to create seamless transitions between different character states and movements.,Entertainment and Multimedia Computing,Technical Animator
I'm proud of implementing a facial animation system that synchronizes realistic lip movements with voice acting in multiple languages.,Entertainment and Multimedia Computing,Technical Animator
I'm passionate about motion capture data cleaning and integration to create natural character animations from raw recorded movements.,Entertainment and Multimedia Computing,Technical Animator
I enjoy designing and implementing AI systems that create challenging but fair opponents with distinctive behaviors.,Entertainment and Multimedia Computing,Game Developer
I built a multiplayer networking system that maintained responsive gameplay even under challenging network conditions.,Entertainment and Multimedia Computing,Game Developer
I like solving optimization problems that allow complex games to run smoothly on mobile devices with limited resources.,Entertainment and Multimedia Computing,Game Developer
I'm proud of creating a custom game engine that allowed our team to rapidly prototype and iterate on game mechanics.,Entertainment and Multimedia Computing,Game Developer
I'm passionate about implementing compelling game progression systems that keep players engaged over extended periods.,Entertainment and Multimedia Computing,Game Developer
I enjoy developing metadata schemas that make digital collections more discoverable and accessible.,Library and Information Science,Digital Librarian
I led a digitization project that preserved thousands of historical documents and made them searchable online for researchers worldwide.,Library and Information Science,Digital Librarian
I like solving information retrieval problems that help users find exactly what they need in large digital collections.,Library and Information Science,Digital Librarian
I'm proud of implementing a digital preservation strategy that ensures long-term access to born-digital materials despite evolving file formats.,Library and Information Science,Digital Librarian
I'm passionate about creating accessible digital interfaces that serve users with diverse abilities and technical expertise.,Library and Information Science,Digital Librarian
I enjoy designing intuitive navigation systems that help users find information efficiently and confidently.,Library and Information Science,Information Architect
I redesigned a government website information architecture that improved task completion rates by 65% for critical public services.,Library and Information Science,Information Architect
I like solving classification problems where information needs to be organized in ways that make sense to different user groups.,Library and Information Science,Information Architect
I'm proud of developing a faceted search system that significantly improved how researchers discover relevant materials in our digital collection.,Library and Information Science,Information Architect
I'm passionate about conducting user research to understand how people conceptualize and look for information in different contexts.,Library and Information Science,Information Architect
I enjoy developing classification schemas that balance detailed organization with practical usability for daily workflows.,Library and Information Science,Records Manager
I implemented a digital records management system that ensured compliance with regulatory requirements while improving staff productivity.,Library and Information Science,Records Manager
"I like solving retention policy problems that balance legal requirements, business needs, and storage constraints.",Library and Information Science,Records Manager
"I'm proud of leading a records cleanup project that identified and properly disposed of over 50,000 records that had exceeded their retention period.",Library and Information Science,Records Manager
I'm passionate about designing records management training that helps employees understand the importance of proper documentation practices.,Library and Information Science,Records Manager
I enjoy implementing linked data approaches that connect our digital collections with other relevant repositories worldwide.,Library and Information Science,Digital Librarian
I created a mobile-first digital library interface that increased access to our collections by 200% among younger users.,Library and Information Science,Digital Librarian
I like solving data migration challenges when moving collections between different digital asset management systems.,Library and Information Science,Digital Librarian
I'm proud of implementing an automated OCR workflow that made thousands of historical documents full-text searchable for the first time.,Library and Information Science,Digital Librarian
I'm passionate about creating digital exhibits that contextualize collections and tell compelling stories about their historical significance.,Library and Information Science,Digital Librarian
I enjoy figuring out how to make simple websites using free tools.,Computer Science,Software Engineer
I helped a friend design a basic webpage for their hobby.,Computer Science,Software Engineer
I tried making my own personal webpage with my name and photo.,Computer Science,Software Engineer
I like using templates to make creative digital projects.,Computer Science,Software Engineer
I enjoyed customizing my school blog with colors and sections.,Computer Science,Software Engineer
I think it’s cool when apps can guess what I like.,Computer Science,Machine Learning Engineer
I watched a video about how AI works and found it really interesting.,Computer Science,Machine Learning Engineer
I used a website that lets you train a computer to recognize pictures — it was fun!,Computer Science,Machine Learning Engineer
I tried a game that teaches basic AI and it made me curious.,Computer Science,Machine Learning Engineer
I enjoy guessing how recommendation systems work on streaming apps.,Computer Science,Machine Learning Engineer
I enjoy using Scratch to make small games or animations.,Computer Science,Programmer
I made a calculator in a beginner coding app.,Computer Science,Programmer
I helped fix a simple error in a class coding project.,Computer Science,Programmer
I enjoy solving small coding puzzles online.,Computer Science,Programmer
I tried coding a mini story using block-based code.,Computer Science,Programmer
I helped my parents figure out how to set up their email.,IT,IT Support Specialist
I enjoy helping classmates fix small issues on their devices.,IT,IT Support Specialist
I figured out how to connect the printer when it wasn’t working.,IT,IT Support Specialist
I helped a teacher share their screen on Zoom.,IT,IT Support Specialist
I like being the go-to person when something doesn’t work on the computer.,IT,IT Support Specialist
I set up our home Wi-Fi and made sure it worked in all rooms.,IT,Network Administrator
I enjoy fixing internet issues and reconnecting the router.,IT,Network Administrator
I helped my sibling connect their phone to the network.,IT,Network Administrator
I enjoy learning how devices talk to each other.,IT,Network Administrator
I like figuring out why the internet is slow and trying to fix it.,IT,Network Administrator
I helped organize our class project so everyone had a clear task.,IT,Systems Analyst
I enjoy breaking big problems into small steps.,IT,Systems Analyst
I like thinking about better ways to do simple tasks.,IT,Systems Analyst
I created a checklist for a school event that helped us stay organized.,IT,Systems Analyst
I helped my team figure out a simpler way to submit our assignments.,IT,Systems Analyst
I enjoy learning how to stay safe online.,IT,Cybersecurity Expert
I told my friend not to share their password with others.,IT,Cybersecurity Expert
I once spotted a fake message pretending to be from my bank.,IT,Cybersecurity Expert
I helped my family set up stronger passwords.,IT,Cybersecurity Expert
I think it's interesting how people protect data and avoid scams.,IT,Cybersecurity Expert
I helped plan our school fundraiser by listing what we needed.,Information Systems,Business Analyst
I enjoy talking to people and figuring out what problems they face.,Information Systems,Business Analyst
I helped a friend organize their online business orders.,Information Systems,Business Analyst
I enjoy improving how we do things in our group projects.,Information Systems,Business Analyst
I suggested a better way to collect feedback in class using forms.,Information Systems,Business Analyst
I enjoy keeping track of who’s doing what in a group.,Information Systems,IT Project Manager
I led a team project and made sure we finished on time.,Information Systems,IT Project Manager
I made a timeline for our homework tasks to stay organized.,Information Systems,IT Project Manager
I like being the one who checks if everything is going as planned.,Information Systems,IT Project Manager
I helped coordinate a small event for our school club.,Information Systems,IT Project Manager
I helped my classmate track their school expenses on a spreadsheet.,Information Systems,ERP Specialist
I enjoy organizing tasks in a simple system that works for everyone.,Information Systems,ERP Specialist
I tried an app that helps manage budgets — it was fun to explore.,Information Systems,ERP Specialist
I helped group different files based on topic for a teacher.,Information Systems,ERP Specialist
I think it’s fun to make processes smoother and faster.,Information Systems,ERP Specialist
I made a simple game level using a game editor online.,Entertainment and Multimedia Computing,Game Developer
I like thinking of game ideas and how they would work.,Entertainment and Multimedia Computing,Game Developer
I enjoy creating characters and imagining game stories.,Entertainment and Multimedia Computing,Game Developer
I tried changing parts of a game using a beginner mod tool.,Entertainment and Multimedia Computing,Game Developer
I made a game board for a project and explained how it worked.,Entertainment and Multimedia Computing,Game Developer
I enjoy drawing digitally using free apps.,Entertainment and Multimedia Computing,Multimedia Artist
I created posters for a school event on Canva.,Entertainment and Multimedia Computing,Multimedia Artist
I like mixing music and sound effects for videos.,Entertainment and Multimedia Computing,Multimedia Artist
I enjoy designing fun visuals for school projects.,Entertainment and Multimedia Computing,Multimedia Artist
I helped decorate a website for a class assignment.,Entertainment and Multimedia Computing,Multimedia Artist
I made a stick figure move using a free animation app.,Entertainment and Multimedia Computing,Technical Animator
I enjoy watching behind-the-scenes of how characters move in movies.,Entertainment and Multimedia Computing,Technical Animator
I tried animating a bouncing ball in a tutorial.,Entertainment and Multimedia Computing,Technical Animator
I like giving life to drawings by making them move.,Entertainment and Multimedia Computing,Technical Animator
I worked with a classmate to create a simple animation project.,Entertainment and Multimedia Computing,Technical Animator
I helped organize digital class files by subject.,Library and Information Science,Digital Librarian
I enjoy naming files clearly so they’re easy to find later.,Library and Information Science,Digital Librarian
I scanned and saved old class documents for a teacher.,Library and Information Science,Digital Librarian
I tried organizing pictures into albums on the computer.,Library and Information Science,Digital Librarian
I enjoy keeping folders neat and well labeled.,Library and Information Science,Digital Librarian
I enjoy organizing slides so people can follow the story.,Library and Information Science,Information Architect
I helped improve a class website by making buttons clearer.,Library and Information Science,Information Architect
I like planning how information is shown to make it easy to read.,Library and Information Science,Information Architect
I enjoy using icons and colors to guide people where to click.,Library and Information Science,Information Architect
I helped group content for our school page so it made more sense.,Library and Information Science,Information Architect
I helped sort school documents into folders for a teacher.,Library and Information Science,Records Manager
I like labeling things clearly so nothing gets lost.,Library and Information Science,Records Manager
I made a system to keep my class notes organized.,Library and Information Science,Records Manager
I enjoy helping clean up shared folders and deleting duplicates.,Library and Information Science,Records Manager
I helped save all group project files in one easy-to-find folder.,Library and Information Science,Records Manager
